{
  "project_info": {
    "project_number": "289167569322",
    "firebase_url": "https://helloworld-3a9c0.firebaseio.com",
    "project_id": "helloworld-3a9c0",
    "storage_bucket": "helloworld-3a9c0.appspot.com"
  },
  "client": [
    {
      "client_info": {
        "mobilesdk_app_id": "1:289167569322:android:cb32e09d97f47e6498bbd3",
        "android_client_info": {
          "package_name": "com.example.helloworld"
        }
      },
      "oauth_client": [
        {
          "client_id": "289167569322-gm49d4upkc1u350t7258l0gkugsl88cl.apps.googleusercontent.com",
          "client_type": 3
        }
      ],
      "api_key": [
        {
          "current_key": "AIzaSyB6yScb3mpxkbPpe-qQ8_-WhZAOLBoonqs"
        }
      ],
      "services": {
        "appinvite_service": {
          "other_platform_oauth_client": [
            {
              "client_id": "289167569322-gm49d4upkc1u350t7258l0gkugsl88cl.apps.googleusercontent.com",
              "client_type": 3
            }
          ]
        }
      }
    }
  ],
  "configuration_version": "1"
}